model,mse,r2
Random Forest,0.0002808982175924455,0.32038061135993967
