model,mse,r2
SVR,0.0005980414256324123,-0.4469317447198393
