method,train_samples,test_samples,mse,r2
Baseline (No Augmentation),2275,569,0.000754950590241292,-0.8265657325660383
Gaussian Noise (std=0.01),2275,569,0.0007763362871616334,-0.8783073719086261
Gaussian Noise (std=0.05),2275,569,0.000748960875124332,-0.8120739121450815
Gaussian Noise (std=0.1),2275,569,0.0007483998862566279,-0.8107166272375066
Synthetic Samples (Mixing),2730,569,0.0007105071138375753,-0.7190369325565034
