method,train_samples,test_samples,mse,r2
Baseline (No Augmentation),2275,569,0.000754950590241292,-0.8265657325660383
Gaussian Noise (std=0.01),2275,569,0.0007977708519475755,-0.9301672446427542
Gaussian Noise (std=0.05),2275,569,0.0007196481617069884,-0.7411532472052267
Gaussian Noise (std=0.1),2275,569,0.0007550744603374627,-0.8268654301566882
Synthetic Samples (Mixing),2730,569,0.000760151802535562,-0.8391498092822087
